Physics;Chemistry;Mathematics;Literature;Biography;Fiction
Analytical Dynamics of Particles and Rigid Bodies;Chemistry Workbook For Dummies ;Philosophi√¶ Naturalis Principia Mathematica;ULYSSES;The Power Broker;Canterville Ghost
Classical Electrodynamics (book);Chemistry: A Molecular Approach ;Photometria;THE GREAT GATSBY;Totto-Chan;Jiuyin Zhenjing
Classical Mechanics (Goldstein);General Chemistry;Point Processes;A PORTRAIT OF THE ARTIST AS A YOUNG MAN;Eisenhower in War and Peace;Jose Chung's Doomsday Defense
Cosmology (book);Introduction to Quantum Mechanics in Chemistry;Polyhedra (book);BRAVE NEW WORLD;Empire State of Mind;Jose Chung's From Outer Space
Dynamical Theory of Crystal Lattices;Introduction to Polymer Chemistry;Proofs and Refutations;THE SOUND AND THE FURY;Where Men Win Glory;Junior Woodchucks Guidebook
Einstein Gravity in a Nutshell;Chemistry: Atoms First;Quasicrystals and Geometry;CATCH-22;Titan: The Life of John. D. Rockefeller;The Keener's Manual
Electricity and Magnetism (book);Chemistry: The Molecular Nature of Matter;Regular Figures;DARKNESS AT NOON;Washington;Lord of the Swastika
Fundamentals of Physics;Everything You Need to Ace Chemistry;Regular Polytopes (book);SONS AND LOVERS;Dostoevsky;Men of the Twelve Books
General Relativity (book);Chemistry : A Tour Guide;Rounding Errors in Algebraic Processes;THE GRAPES OF WRATH;Mercury;Needy Baby, Greedy Baby
None;Physical Chemistry;Science and Hypothesis;Under The Volcano;Empire;Orange Catholic Bible
